{
    "name": "root",
    "gauges": {
        "MoveToGoal.Policy.Entropy.mean": {
            "value": 1.3475857973098755,
            "min": 1.343723177909851,
            "max": 1.4283026456832886,
            "count": 40
        },
        "MoveToGoal.Policy.Entropy.sum": {
            "value": 10780.6865234375,
            "min": 10749.78515625,
            "max": 22693.216796875,
            "count": 40
        },
        "MoveToGoal.Environment.EpisodeLength.mean": {
            "value": 665.6666666666666,
            "min": 665.6666666666666,
            "max": 665.6666666666666,
            "count": 40
        },
        "MoveToGoal.Environment.EpisodeLength.sum": {
            "value": 7988.0,
            "min": 7988.0,
            "max": 15976.0,
            "count": 40
        },
        "MoveToGoal.Step.mean": {
            "value": 399000.0,
            "min": 9800.0,
            "max": 399000.0,
            "count": 40
        },
        "MoveToGoal.Step.sum": {
            "value": 399000.0,
            "min": 9800.0,
            "max": 399000.0,
            "count": 40
        },
        "MoveToGoal.Policy.ExtrinsicValueEstimate.mean": {
            "value": 98.20569610595703,
            "min": -943.7772827148438,
            "max": 99.71973419189453,
            "count": 40
        },
        "MoveToGoal.Policy.ExtrinsicValueEstimate.sum": {
            "value": 1374.8797607421875,
            "min": -13212.8818359375,
            "max": 1784.2412109375,
            "count": 40
        },
        "MoveToGoal.Environment.CumulativeReward.mean": {
            "value": 590.3571428571429,
            "min": -19762.41176470588,
            "max": 664.2857142857143,
            "count": 40
        },
        "MoveToGoal.Environment.CumulativeReward.sum": {
            "value": 8265.0,
            "min": -335961.0,
            "max": 9780.0,
            "count": 40
        },
        "MoveToGoal.Policy.ExtrinsicReward.mean": {
            "value": 590.3571428571429,
            "min": -19762.41176470588,
            "max": 664.2857142857143,
            "count": 40
        },
        "MoveToGoal.Policy.ExtrinsicReward.sum": {
            "value": 8265.0,
            "min": -335961.0,
            "max": 9780.0,
            "count": 40
        },
        "MoveToGoal.Losses.PolicyLoss.mean": {
            "value": 0.06507309545619742,
            "min": 0.05624139488048362,
            "max": 0.0886861602999185,
            "count": 40
        },
        "MoveToGoal.Losses.PolicyLoss.sum": {
            "value": 0.06507309545619742,
            "min": 0.05624139488048362,
            "max": 0.177372320599837,
            "count": 40
        },
        "MoveToGoal.Losses.ValueLoss.mean": {
            "value": 7.317941368526468,
            "min": 3.074901146503786,
            "max": 3530992.2395833335,
            "count": 40
        },
        "MoveToGoal.Losses.ValueLoss.sum": {
            "value": 7.317941368526468,
            "min": 3.074901146503786,
            "max": 3530992.2395833335,
            "count": 40
        },
        "MoveToGoal.Policy.LearningRate.mean": {
            "value": 0.00018240003920000006,
            "min": 0.00018240003920000006,
            "max": 0.0002976000008,
            "count": 40
        },
        "MoveToGoal.Policy.LearningRate.sum": {
            "value": 0.00018240003920000006,
            "min": 0.00018240003920000006,
            "max": 0.0005736000088,
            "count": 40
        },
        "MoveToGoal.Policy.Epsilon.mean": {
            "value": 0.16080000000000003,
            "min": 0.16080000000000003,
            "max": 0.19919999999999996,
            "count": 40
        },
        "MoveToGoal.Policy.Epsilon.sum": {
            "value": 0.16080000000000003,
            "min": 0.16080000000000003,
            "max": 0.3912,
            "count": 40
        },
        "MoveToGoal.Policy.Beta.mean": {
            "value": 0.0010000000000000005,
            "min": 0.0010000000000000005,
            "max": 0.0010000000000000005,
            "count": 40
        },
        "MoveToGoal.Policy.Beta.sum": {
            "value": 0.0010000000000000005,
            "min": 0.0010000000000000005,
            "max": 0.002000000000000001,
            "count": 40
        },
        "MoveToGoal.IsTraining.mean": {
            "value": 1.0,
            "min": 1.0,
            "max": 1.0,
            "count": 40
        },
        "MoveToGoal.IsTraining.sum": {
            "value": 1.0,
            "min": 1.0,
            "max": 1.0,
            "count": 40
        }
    },
    "metadata": {
        "timer_format_version": "0.1.0",
        "start_time_seconds": "1730718030",
        "python_version": "3.10.11 (tags/v3.10.11:7d4cc5a, Apr  5 2023, 00:38:17) [MSC v.1929 64 bit (AMD64)]",
        "command_line_arguments": "C:\\Users\\ishaa\\OneDrive\\Desktop\\Unity\\ML learning\\venv\\Scripts\\mlagents-learn config\\moveToGoalFinal.yml --run-id=OutOfPlatform1 --time-scale=3 --force",
        "mlagents_version": "1.1.0",
        "mlagents_envs_version": "1.1.0",
        "communication_protocol_version": "1.5.0",
        "pytorch_version": "2.2.2+cu121",
        "numpy_version": "1.23.5",
        "end_time_seconds": "1730719133"
    },
    "total": 1103.5356940000056,
    "count": 1,
    "self": 0.007129200006602332,
    "children": {
        "run_training.setup": {
            "total": 0.063592400001653,
            "count": 1,
            "self": 0.063592400001653
        },
        "TrainerController.start_learning": {
            "total": 1103.4649723999974,
            "count": 1,
            "self": 1.008643501190818,
            "children": {
                "TrainerController._reset_env": {
                    "total": 20.608284800000547,
                    "count": 1,
                    "self": 20.608284800000547
                },
                "TrainerController.advance": {
                    "total": 1081.6560780988075,
                    "count": 50001,
                    "self": 0.9309535994834732,
                    "children": {
                        "env_step": {
                            "total": 713.088789999274,
                            "count": 50001,
                            "self": 562.6846168997436,
                            "children": {
                                "SubprocessEnvManager._take_step": {
                                    "total": 149.7488571011345,
                                    "count": 50001,
                                    "self": 3.4391348008502973,
                                    "children": {
                                        "TorchPolicy.evaluate": {
                                            "total": 146.3097223002842,
                                            "count": 50001,
                                            "self": 146.3097223002842
                                        }
                                    }
                                },
                                "workers": {
                                    "total": 0.6553159983959631,
                                    "count": 50000,
                                    "self": 0.0,
                                    "children": {
                                        "worker_root": {
                                            "total": 1013.6867240988722,
                                            "count": 50000,
                                            "is_parallel": true,
                                            "self": 569.3980796989199,
                                            "children": {
                                                "steps_from_proto": {
                                                    "total": 0.00033620000613154843,
                                                    "count": 1,
                                                    "is_parallel": true,